Month,Geography,Industry,Business dynamics measure,Value,Monthly Change,Yearly change,Indexed value
Jan 2015,Alberta ,Business sector industries [T004],Active businesses,"126,863",..,..,100.0
Feb 2015,Alberta ,Business sector industries [T004],Active businesses,"126,907", 0.0%,..,100.0
Mar 2015,Alberta ,Business sector industries [T004],Active businesses,"127,077", 0.1%,..,100.2
Apr 2015,Alberta ,Business sector industries [T004],Active businesses,"126,959",-0.1%,..,100.1
May 2015,Alberta ,Business sector industries [T004],Active businesses,"127,128", 0.1%,..,100.2
Jun 2015,Alberta ,Business sector industries [T004],Active businesses,"126,517",-0.5%,.., 99.7
Jul 2015,Alberta ,Business sector industries [T004],Active businesses,"126,217",-0.2%,.., 99.5
Aug 2015,Alberta ,Business sector industries [T004],Active businesses,"126,222", 0.0%,.., 99.5
Sep 2015,Alberta ,Business sector industries [T004],Active businesses,"125,696",-0.4%,.., 99.1
Oct 2015,Alberta ,Business sector industries [T004],Active businesses,"125,234",-0.4%,.., 98.7
Nov 2015,Alberta ,Business sector industries [T004],Active businesses,"125,150",-0.1%,.., 98.6
Dec 2015,Alberta ,Business sector industries [T004],Active businesses,"124,662",-0.4%,.., 98.3
Jan 2016,Alberta ,Business sector industries [T004],Active businesses,"126,224", 1.3%, -0.5%, 99.5
Feb 2016,Alberta ,Business sector industries [T004],Active businesses,"123,743",-2.0%, -2.5%, 97.5
Mar 2016,Alberta ,Business sector industries [T004],Active businesses,"123,117",-0.5%, -3.1%, 97.0
Apr 2016,Alberta ,Business sector industries [T004],Active businesses,"122,845",-0.2%, -3.2%, 96.8
May 2016,Alberta ,Business sector industries [T004],Active businesses,"122,147",-0.6%, -3.9%, 96.3
Jun 2016,Alberta ,Business sector industries [T004],Active businesses,"121,847",-0.2%, -3.7%, 96.0
Jul 2016,Alberta ,Business sector industries [T004],Active businesses,"121,470",-0.3%, -3.8%, 95.7
Aug 2016,Alberta ,Business sector industries [T004],Active businesses,"121,111",-0.3%, -4.0%, 95.5
Sep 2016,Alberta ,Business sector industries [T004],Active businesses,"120,699",-0.3%, -4.0%, 95.1
Oct 2016,Alberta ,Business sector industries [T004],Active businesses,"120,494",-0.2%, -3.8%, 95.0
Nov 2016,Alberta ,Business sector industries [T004],Active businesses,"120,330",-0.1%, -3.9%, 94.9
Dec 2016,Alberta ,Business sector industries [T004],Active businesses,"120,527", 0.2%, -3.3%, 95.0
Jan 2017,Alberta ,Business sector industries [T004],Active businesses,"120,800", 0.2%, -4.3%, 95.2
Feb 2017,Alberta ,Business sector industries [T004],Active businesses,"121,167", 0.3%, -2.1%, 95.5
Mar 2017,Alberta ,Business sector industries [T004],Active businesses,"120,101",-0.9%, -2.4%, 94.7
Apr 2017,Alberta ,Business sector industries [T004],Active businesses,"120,219", 0.1%, -2.1%, 94.8
May 2017,Alberta ,Business sector industries [T004],Active businesses,"120,820", 0.5%, -1.1%, 95.2
Jun 2017,Alberta ,Business sector industries [T004],Active businesses,"121,114", 0.2%, -0.6%, 95.5
Jul 2017,Alberta ,Business sector industries [T004],Active businesses,"120,227",-0.7%, -1.0%, 94.8
Aug 2017,Alberta ,Business sector industries [T004],Active businesses,"120,413", 0.2%, -0.6%, 94.9
Sep 2017,Alberta ,Business sector industries [T004],Active businesses,"121,188", 0.6%,  0.4%, 95.5
Oct 2017,Alberta ,Business sector industries [T004],Active businesses,"120,603",-0.5%,  0.1%, 95.1
Nov 2017,Alberta ,Business sector industries [T004],Active businesses,"120,467",-0.1%,  0.1%, 95.0
Dec 2017,Alberta ,Business sector industries [T004],Active businesses,"120,335",-0.1%, -0.2%, 94.9
Jan 2018,Alberta ,Business sector industries [T004],Active businesses,"120,109",-0.2%, -0.6%, 94.7
Feb 2018,Alberta ,Business sector industries [T004],Active businesses,"120,357", 0.2%, -0.7%, 94.9
Mar 2018,Alberta ,Business sector industries [T004],Active businesses,"120,425", 0.1%,  0.3%, 94.9
Apr 2018,Alberta ,Business sector industries [T004],Active businesses,"120,440", 0.0%,  0.2%, 94.9
May 2018,Alberta ,Business sector industries [T004],Active businesses,"120,275",-0.1%, -0.5%, 94.8
Jun 2018,Alberta ,Business sector industries [T004],Active businesses,"120,466", 0.2%, -0.5%, 95.0
Jul 2018,Alberta ,Business sector industries [T004],Active businesses,"120,287",-0.1%,  0.0%, 94.8
Aug 2018,Alberta ,Business sector industries [T004],Active businesses,"120,059",-0.2%, -0.3%, 94.6
Sep 2018,Alberta ,Business sector industries [T004],Active businesses,"120,001", 0.0%, -1.0%, 94.6
Oct 2018,Alberta ,Business sector industries [T004],Active businesses,"119,968", 0.0%, -0.5%, 94.6
Nov 2018,Alberta ,Business sector industries [T004],Active businesses,"119,810",-0.1%, -0.5%, 94.4
Dec 2018,Alberta ,Business sector industries [T004],Active businesses,"119,836", 0.0%, -0.4%, 94.5
Jan 2019,Alberta ,Business sector industries [T004],Active businesses,"119,540",-0.2%, -0.5%, 94.2
Feb 2019,Alberta ,Business sector industries [T004],Active businesses,"119,823", 0.2%, -0.4%, 94.5
Mar 2019,Alberta ,Business sector industries [T004],Active businesses,"119,969", 0.1%, -0.4%, 94.6
Apr 2019,Alberta ,Business sector industries [T004],Active businesses,"120,038", 0.1%, -0.3%, 94.6
May 2019,Alberta ,Business sector industries [T004],Active businesses,"120,107", 0.1%, -0.1%, 94.7
Jun 2019,Alberta ,Business sector industries [T004],Active businesses,"120,091", 0.0%, -0.3%, 94.7
Jul 2019,Alberta ,Business sector industries [T004],Active businesses,"119,987",-0.1%, -0.2%, 94.6
Aug 2019,Alberta ,Business sector industries [T004],Active businesses,"119,894",-0.1%, -0.1%, 94.5
Sep 2019,Alberta ,Business sector industries [T004],Active businesses,"119,874", 0.0%, -0.1%, 94.5
Oct 2019,Alberta ,Business sector industries [T004],Active businesses,"119,608",-0.2%, -0.3%, 94.3
Nov 2019,Alberta ,Business sector industries [T004],Active businesses,"119,249",-0.3%, -0.5%, 94.0
Dec 2019,Alberta ,Business sector industries [T004],Active businesses,"119,660", 0.3%, -0.1%, 94.3
Jan 2020,Alberta ,Business sector industries [T004],Active businesses,"118,773",-0.7%, -0.6%, 93.6
Feb 2020,Alberta ,Business sector industries [T004],Active businesses,"118,334",-0.4%, -1.2%, 93.3
Mar 2020,Alberta ,Business sector industries [T004],Active businesses,"115,105",-2.7%, -4.1%, 90.7
Apr 2020,Alberta ,Business sector industries [T004],Active businesses,"108,750",-5.5%, -9.4%, 85.7
May 2020,Alberta ,Business sector industries [T004],Active businesses,"105,566",-2.9%,-12.1%, 83.2
Jun 2020,Alberta ,Business sector industries [T004],Active businesses,"107,107", 1.5%,-10.8%, 84.4
Jul 2020,Alberta ,Business sector industries [T004],Active businesses,"108,692", 1.5%, -9.4%, 85.7
Aug 2020,Alberta ,Business sector industries [T004],Active businesses,"109,899", 1.1%, -8.3%, 86.6
Sep 2020,Alberta ,Business sector industries [T004],Active businesses,"111,398", 1.4%, -7.1%, 87.8
Oct 2020,Alberta ,Business sector industries [T004],Active businesses,"112,769", 1.2%, -5.7%, 88.9
Nov 2020,Alberta ,Business sector industries [T004],Active businesses,"112,762", 0.0%, -5.4%, 88.9
Dec 2020,Alberta ,Business sector industries [T004],Active businesses,"115,222", 2.2%, -3.7%, 90.8
Jan 2021,Alberta ,Business sector industries [T004],Active businesses,"115,797", 0.5%, -2.5%, 91.3
Feb 2021,Alberta ,Business sector industries [T004],Active businesses,"116,305", 0.4%, -1.7%, 91.7
Mar 2021,Alberta ,Business sector industries [T004],Active businesses,"116,907", 0.5%,  1.6%, 92.2
Apr 2021,Alberta ,Business sector industries [T004],Active businesses,"116,758",-0.1%,  7.4%, 92.0
May 2021,Alberta ,Business sector industries [T004],Active businesses,"116,812", 0.0%, 10.7%, 92.1
Jun 2021,Alberta ,Business sector industries [T004],Active businesses,"116,806", 0.0%,  9.1%, 92.1
Jul 2021,Alberta ,Business sector industries [T004],Active businesses,"117,305", 0.4%,  7.9%, 92.5
Aug 2021,Alberta ,Business sector industries [T004],Active businesses,"117,204",-0.1%,  6.6%, 92.4
Sep 2021,Alberta ,Business sector industries [T004],Active businesses,"116,848",-0.3%,  4.9%, 92.1
Oct 2021,Alberta ,Business sector industries [T004],Active businesses,"116,902", 0.0%,  3.7%, 92.1
Nov 2021,Alberta ,Business sector industries [T004],Active businesses,"117,156", 0.2%,  3.9%, 92.3
Dec 2021,Alberta ,Business sector industries [T004],Active businesses,"117,202", 0.0%,  1.7%, 92.4
Jan 2022,Alberta ,Business sector industries [T004],Active businesses,"117,725", 0.4%,  1.7%, 92.8
Feb 2022,Alberta ,Business sector industries [T004],Active businesses,"117,855", 0.1%,  1.3%, 92.9
Mar 2022,Alberta ,Business sector industries [T004],Active businesses,"118,069", 0.2%,  1.0%, 93.1
Apr 2022,Alberta ,Business sector industries [T004],Active businesses,"118,407", 0.3%,  1.4%, 93.3
May 2022,Alberta ,Business sector industries [T004],Active businesses,"118,440", 0.0%,  1.4%, 93.4
Jun 2022,Alberta ,Business sector industries [T004],Active businesses,"118,459", 0.0%,  1.4%, 93.4
Jul 2022,Alberta ,Business sector industries [T004],Active businesses,"118,384",-0.1%,  0.9%, 93.3
Aug 2022,Alberta ,Business sector industries [T004],Active businesses,"118,301",-0.1%,  0.9%, 93.3
Sep 2022,Alberta ,Business sector industries [T004],Active businesses,"118,479", 0.2%,  1.4%, 93.4
Oct 2022,Alberta ,Business sector industries [T004],Active businesses,"118,469", 0.0%,  1.3%, 93.4
Nov 2022,Alberta ,Business sector industries [T004],Active businesses,"118,444", 0.0%,  1.1%, 93.4
Dec 2022,Alberta ,Business sector industries [T004],Active businesses,"118,753", 0.3%,  1.3%, 93.6
Jan 2023,Alberta ,Business sector industries [T004],Active businesses,"119,417", 0.6%,  1.4%, 94.1
Feb 2023,Alberta ,Business sector industries [T004],Active businesses,"119,582", 0.1%,  1.5%, 94.3
Mar 2023,Alberta ,Business sector industries [T004],Active businesses,"118,867",-0.6%,  0.7%, 93.7
Apr 2023,Alberta ,Business sector industries [T004],Active businesses,"118,941", 0.1%,  0.5%, 93.8
May 2023,Alberta ,Business sector industries [T004],Active businesses,"119,408", 0.4%,  0.8%, 94.1
Jun 2023,Alberta ,Business sector industries [T004],Active businesses,"119,751", 0.3%,  1.1%, 94.4
Jul 2023,Alberta ,Business sector industries [T004],Active businesses,"119,649",-0.1%,  1.1%, 94.3
Aug 2023,Alberta ,Business sector industries [T004],Active businesses,"120,043", 0.3%,  1.5%, 94.6
Sep 2023,Alberta ,Business sector industries [T004],Active businesses,"120,123", 0.1%,  1.4%, 94.7
Oct 2023,Alberta ,Business sector industries [T004],Active businesses,"120,293", 0.1%,  1.5%, 94.8
Nov 2023,Alberta ,Business sector industries [T004],Active businesses,"120,537", 0.2%,  1.8%, 95.0
Dec 2023,Alberta ,Business sector industries [T004],Active businesses,"120,749", 0.2%,  1.7%, 95.2
Jan 2024,Alberta ,Business sector industries [T004],Active businesses,"121,016", 0.2%,  1.3%, 95.4
Feb 2024,Alberta ,Business sector industries [T004],Active businesses,"121,133", 0.1%,  1.3%, 95.5
Mar 2024,Alberta ,Business sector industries [T004],Active businesses,"121,213", 0.1%,  2.0%, 95.5
Apr 2024,Alberta ,Business sector industries [T004],Active businesses,"121,378", 0.1%,  2.0%, 95.7
May 2024,Alberta ,Business sector industries [T004],Active businesses,"121,533", 0.1%,  1.8%, 95.8
Jun 2024,Alberta ,Business sector industries [T004],Active businesses,"121,470",-0.1%,  1.4%, 95.7
Jul 2024,Alberta ,Business sector industries [T004],Active businesses,"121,807", 0.3%,  1.8%, 96.0
Aug 2024,Alberta ,Business sector industries [T004],Active businesses,"121,828", 0.0%,  1.5%, 96.0
Sep 2024,Alberta ,Business sector industries [T004],Active businesses,"122,128", 0.2%,  1.7%, 96.3
,,,,,,,
"Source: Statistics Canada. Table 33 10 0270 Experimental estimates for business openings and closures for Canada, provinces and territories, census metropolitan areas, seasonally adjusted",,,,,,,
